run,condition,seed,corpus,layers,lr,steps,parameters,vocabulary,final_train_loss,final_val_loss,correct_48,scorable_48,starter_patterns_16,transfer_8,negation_3,spatial_3,negation_margin,spatial_margin,probe_flip_6,probe_fresh_6,recency_trap_6,recency_picked_negated,model_sha256
A_seed1,A,1,experiments/empty_corpus,2,0.001,3000,111872,136,0.7012,0.6834,22,24,16,6,0,0,,,0,0,,,831c286aa3acc78509d3806a7c2eedcccc3c6c0d199026e22a1a75c3b38d716a
A_seed2,A,2,experiments/empty_corpus,2,0.001,3000,111872,136,0.7031,0.6987,23,24,16,7,0,0,,,0,0,,,06db30ea61b0aaa60ed428d1de3ae8fb152d8f1c285160d84a8f7d74fa640114
A_seed3,A,3,experiments/empty_corpus,2,0.001,3000,111872,136,0.6941,0.6936,23,24,16,7,0,0,,,0,0,,,329376d27260bebf0cb49d78afbc0f608984f29c368174bf7027561723cb6cc9
A_seed42,A,42,experiments/empty_corpus,2,0.001,3000,111872,136,0.6783,0.7061,20,24,16,4,0,0,,,0,0,,,bf49f05b14d5417840f3b551aa61e28c0e521e6d5557f146f3961ffc1afbe84e
B_layers1_seed1,B_layers1,1,corpus,1,0.001,3000,73600,319,0.727,0.7913,29,30,16,8,2,3,0.134,0.364,5,5,3,2,1aeef16267580b3aa68d4d5f9a8fe0cd90a82a930a1bb1c5f803c03159edbc8c
B_layers1_seed2,B_layers1,2,corpus,1,0.001,3000,73600,319,0.8495,0.8522,29,30,16,8,3,2,0.136,0.512,5,5,3,3,6d2d1a64beec5ca96c6d24ca661ddb417fb5691860e766495dbf35750d5043d0
B_layers1_seed3,B_layers1,3,corpus,1,0.001,3000,73600,319,0.7313,0.8355,29,30,16,8,2,3,0.106,0.442,4,5,4,1,31748c3c343234c15d32d2e9047355d000811f8648440754108e767e97c7873d
B_layers1_seed42,B_layers1,42,corpus,1,0.001,3000,73600,319,0.7343,0.7483,28,30,16,8,2,2,0.171,0.298,6,6,3,2,e69ab99082e4097e64f55a1ff771729abc7c88f081726d3a535f643b7f4d94af
B_layers4_seed1,B_layers4,1,corpus,4,0.001,3000,223552,319,0.7268,0.7916,28,30,16,8,1,3,-0.02,0.951,4,5,4,2,dc43309175a63bc1bb8021327a7b2f8651b095f303b6d69fc51d2014a6b7b407
B_layers4_seed2,B_layers4,2,corpus,4,0.001,3000,223552,319,0.8008,0.8245,30,30,16,8,3,3,0.128,0.96,6,6,6,0,c01728318ee33d306eb80a53b461515fe26e689611915b940fb98a9de6e666ff
B_layers4_seed3,B_layers4,3,corpus,4,0.001,3000,223552,319,0.7233,0.8145,30,30,16,8,3,3,0.134,0.908,5,6,5,1,fba95486e4291167949732fa96fa5cc93810d084d6b2cba8ab6c872db0f4cc02
B_layers4_seed42,B_layers4,42,corpus,4,0.001,3000,223552,319,0.7086,0.7227,30,30,16,8,3,3,0.285,0.854,6,6,5,1,4a68dd170c1d2042c9ec719a2943ae4d0362300ada37894a53b3d1326b8ee29e
B_lr0.0001_seed1,B_lr0.0001,1,corpus,2,0.0001,3000,123584,319,1.4017,1.4954,6,30,2,2,0,2,-0.007,0.004,2,1,2,3,3b0db2584bd4267aa09996a8b3b663df260140ad747091be585ef8aa23b7f586
B_lr0.0001_seed2,B_lr0.0001,2,corpus,2,0.0001,3000,123584,319,1.6606,1.7107,8,30,3,3,1,1,-0.003,-0.004,3,3,1,3,b5439c4f4c4ba9a718f07b5045b8f6203c21a4e0642463911402c37c832031e6
B_lr0.0001_seed3,B_lr0.0001,3,corpus,2,0.0001,3000,123584,319,1.3591,1.8341,8,30,4,3,0,1,-0.006,-0.002,3,4,2,3,4bd01f920364b76c62c64f543775fdd8ecc0ce8dc0e3118720c4b6d3218c0d9b
B_lr0.0001_seed42,B_lr0.0001,42,corpus,2,0.0001,3000,123584,319,1.5223,1.3987,4,30,2,1,0,1,-0.004,-0.002,3,4,2,3,430bf61fb4da6065ffeb79e0718d599256e60c835479e1ad301676e93247816f
B_lr0.01_seed1,B_lr0.01,1,corpus,2,0.01,3000,123584,319,0.7184,0.7579,30,30,16,8,3,3,0.985,0.855,6,6,6,0,6a161a09d6c42cfa25673519ea8d24cb9a268e914ffa74b42900b036c27a3b90
B_lr0.01_seed2,B_lr0.01,2,corpus,2,0.01,3000,123584,319,0.7457,0.8229,30,30,16,8,3,3,0.979,0.667,6,6,5,1,944c0c4e2f0195e935b996d4fdeaa49384d4711e0926b3fcb3a88f86ee34c824
B_lr0.01_seed3,B_lr0.01,3,corpus,2,0.01,3000,123584,319,0.7094,0.7685,26,30,16,5,3,2,0.976,0.503,6,6,6,0,1bf169bd5f2d075e554046c7a6c3f4f2c2f6335386e5a12409dbe9d48e8d90dc
B_lr0.01_seed42,B_lr0.01,42,corpus,2,0.01,3000,123584,319,0.6868,0.7354,28,30,16,7,3,2,0.962,0.662,6,6,5,1,b2cdeab8c05aff221415658009b434a3abeaaa2d4b88b677e69690a1d2053b0f
B_lr0.03_seed1,B_lr0.03,1,corpus,2,0.03,3000,123584,319,0.7308,0.7415,26,30,16,6,3,1,0.968,0.271,6,6,6,0,48e10e061588cb044082fd41f4e8f18896f65f8ffc35ccfed9cafe94a34abada
B_lr0.03_seed2,B_lr0.03,2,corpus,2,0.03,3000,123584,319,0.7635,0.7758,28,30,16,7,3,2,0.795,0.592,5,6,4,2,0434f342a684c5f6f938d4dff39e0ec6116d11be6ef3b3d339b8e52aada3f2f3
B_lr0.03_seed3,B_lr0.03,3,corpus,2,0.03,3000,123584,319,0.72,0.7596,25,30,16,4,3,2,0.989,0.66,6,6,6,0,9fdcc46cb97540adb15d8597157d858c4aacb2f9fa5417bff798dc0367c438aa
B_lr0.03_seed42,B_lr0.03,42,corpus,2,0.03,3000,123584,319,0.691,0.7249,26,30,16,4,3,3,0.988,0.656,6,6,5,1,ed51a56b3afa441c190f2c7aa73abdc37c2dd118da0a16a066ab0f0547edc640
B_seed1,B,1,corpus,2,0.001,3000,123584,319,0.7241,0.7694,28,30,16,6,3,3,0.27,0.855,6,6,6,0,11fa7d8f84e4bb6181e7575f39b5fca8882707b0196a71bcb5aa06d225b616fb
B_seed2,B,2,corpus,2,0.001,3000,123584,319,0.8156,0.8319,27,30,16,8,0,3,-0.033,0.884,6,6,5,0,b7606f5e4a3753bee250f7caf2412f638d8e371555948904d8e0ac9135defc20
B_seed3,B,3,corpus,2,0.001,3000,123584,319,0.7215,0.8104,29,30,16,8,2,3,0.003,0.949,4,6,6,0,6afaf14a9f0791fb821d729c45b361e3bf97f4b3b3f4cec394d7d8fd6c8c7740
B_seed42,B,42,corpus,2,0.001,3000,123584,319,0.7229,0.7261,30,30,16,8,3,3,0.122,0.907,6,6,5,1,dff0528a316774036538b0b380ed3df0d36c924742ab7e1373c16504b84dd657
B_steps10000_seed1,B_steps10000,1,corpus,2,0.001,10000,123584,319,0.6978,0.895,28,30,16,6,3,3,0.84,0.723,6,6,6,0,1867fbf06a7f1926efa18eeb99360999029b782063d96e156af0c354507e3632
B_steps10000_seed2,B_steps10000,2,corpus,2,0.001,10000,123584,319,0.6816,0.916,28,30,16,6,3,3,0.787,0.973,6,6,6,0,af52c081d90d60025f8e117c7095bd7ba799d4cf2686241d9c509cbb8af8c490
B_steps10000_seed3,B_steps10000,3,corpus,2,0.001,10000,123584,319,0.7087,0.8757,30,30,16,8,3,3,0.943,0.994,6,6,6,0,93073789daf78ba19310a7643ec42063fc12ac7ae0043027239c59734dda186a
B_steps10000_seed42,B_steps10000,42,corpus,2,0.001,10000,123584,319,0.6748,0.7954,29,30,16,7,3,3,0.937,0.996,6,6,6,0,543ecbee502be4d9da8f138f108c0c2ed010a6649dee209397eeef045994d3a7
C_seed1,C,1,corpus_split,2,0.001,3000,123520,318,0.947,0.9887,26,30,16,7,1,2,-0.003,-0.001,0,2,1,2,f2359a750c0b8b87664c3914e5ba2fa2977cfa43d34220c3266318b36aabd671
C_seed2,C,2,corpus_split,2,0.001,3000,123520,318,1.0155,1.1438,23,30,16,5,0,2,-0.0,0.001,3,0,1,2,fd6603f98733dd038c46d904175ed6379803842860f5ef058927829999f63e92
C_seed3,C,3,corpus_split,2,0.001,3000,123584,319,1.1213,1.0609,28,30,16,8,1,3,-0.0,0.001,1,0,1,1,bbb1440741d806afa36f5eef4aa7f1243e1a45af4138415bde1841d0d45ec0fc
C_seed42,C,42,corpus_split,2,0.001,3000,123584,319,1.1466,1.1752,25,30,16,8,0,1,-0.001,-0.003,3,2,1,3,bea083ace4611f3b1299e4d9bffb4daaf472a8d5c3670203f27bdbf2d87cb801
